Cluster,Mean_NDWI,Std_NDWI,Pixels,Area_km2,Area_%
0,0.17777327,0.012589805,299392,4311.2447999999995,14.485340579100104
1,0.14095291,0.011106371,232470,3347.5679999999998,11.24748531832314
2,0.10200656,0.0112758735,1535000,22104.0,74.26717410257676
